T1,,,,,T2,,,,,T3,,,,,T4,,,,,T5,,,,,T6,,,,,T7,,,,,T8,,,
,,,,,,,,,,,,,,,,,,,,,,,,,,,,,,,,,,,,,,
S1,,A11,,,S1,,A11,,,S1,,A11,,,S1,,A11,,,S1,,A11,,,S1,,A11,,,S1,,A11,,,S1,,A11,
,,A12,,,,,A12,,,,,A12,,,,,A12,,,,,A12,,,,,A12,,,,,A12,,,,,A12,
,,A13,,,,,A13,,,,,A12,,,,,A12,,,,,A12,,,,,A12,,,,,A12,,,,,A12,
,,A14,,,,,A14,,,,,A12,,,,,A12,,,,,A12,,,,,A12,,,,,A12,,,,,A12,
,,A15,,,,,A15,,,,,A12,,,,,A12,,,,,A12,,,,,A12,,,,,A12,,,,,A12,
,,,,,,,,,,,,,,,,,,,,,,,,,,,,,,,,,,,,,,
S2,,A21,,,S2,,A21,,,S2,,A21,,,S2,,A21,,,S2,,A21,,,S2,,A21,,,S2,,A21,,,S2,,A21,
,,A22,,,,,A22,,,,,A22,,,,,A22,,,,,A22,,,,,A22,,,,,A22,,,,,A22,
,,A23,,,,,A23,,,,,A23,,,,,A23,,,,,A23,,,,,A23,,,,,A23,,,,,A23,
,,A24,,,,,A24,,,,,A24,,,,,A24,,,,,A24,,,,,A24,,,,,A24,,,,,A24,
,,A25,,,,,A25,,,,,A25,,,,,A25,,,,,A25,,,,,A25,,,,,A25,,,,,A25,
,,,,,,,A27,,,,,A27,,,,,A27,,,,,A27,,,,,A27,,,,,A27,,,,,A27,
S3,,A31,,,S3,,A31,,,S3,,A31,,,S3,,A31,,,S3,,A31,,,S3,,A31,,,S3,,A31,,,S3,,A31,
,,A32,,,,,A32,,,,,A32,,,,,A32,,,,,A32,,,,,A32,,,,,A32,,,,,A32,
,,A33,,,,,A33,,,,,A33,,,,,A33,,,,,A33,,,,,A33,,,,,A33,,,,,A33,
,,A34,,,,,A34,,,,,A34,,,,,A34,,,,,A34,,,,,A34,,,,,A34,,,,,A34,
,,A35,,,,,A35,,,,,A35,,,,,A35,,,,,A35,,,,,A35,,,,,A35,,,,,A35,
,,,,,,,,,,,,,,,,,,,,,,,,,,,,,,,,,,,,,,
S4,,A41,,,S4,,A41,,,S4,,A41,,,S4,,A41,,,S4,,A41,,,S4,,A41,,,S4,,A41,,,S4,,A41,
,,A42,,,,,A42,,,,,A42,,,,,A42,,,,,A42,,,,,A42,,,,,A42,,,,,A42,
,,A43,,,,,A43,,,,,A43,,,,,A43,,,,,A43,,,,,A43,,,,,A43,,,,,A43,
,,A44,,,,,A44,,,,,A44,,,,,A44,,,,,A44,,,,,A44,,,,,A44,,,,,A44,
,,A45,,,,,A45,,,,,A45,,,,,A45,,,,,A45,,,,,A45,,,,,A45,,,,,A45,
,,,,,,,,,,,,,,,,,,,,,,,,,,,,,,,,,,,,,,
S5,,A51,,,S5,,A51,,,S5,,A51,,,S5,,A51,,,S5,,A51,,,S5,,A51,,,S5,,A51,,,S5,,A51,
,,A52,,,,,A52,,,,,A52,,,,,A52,,,,,A52,,,,,A52,,,,,A52,,,,,A52,
,,A53,,,,,A53,,,,,A53,,,,,A53,,,,,A53,,,,,A53,,,,,A53,,,,,A53,
,,A54,,,,,A54,,,,,A54,,,,,A54,,,,,A54,,,,,A54,,,,,A54,,,,,A54,
,,A55,,,,,A55,,,,,A55,,,,,A55,,,,,A55,,,,,A55,,,,,A55,,,,,A55,
